{
  "0": "culinary_term_000",
  "1": "culinary_term_001",
  "2": "culinary_term_002",
  "3": "culinary_term_003",
  "4": "culinary_term_004",
  "5": "culinary_term_005",
  "6": "culinary_term_006",
  "7": "culinary_term_007",
  "8": "culinary_term_008",
  "9": "culinary_term_009",
  "10": "culinary_term_010",
  "11": "culinary_term_011",
  "12": "culinary_term_012",
  "13": "culinary_term_013",
  "14": "culinary_term_014",
  "15": "culinary_term_015",
  "16": "culinary_term_016",
  "17": "culinary_term_017",
  "18": "culinary_term_018",
  "19": "culinary_term_019",
  "20": "culinary_term_020",
  "21": "culinary_term_021",
  "22": "culinary_term_022",
  "23": "culinary_term_023",
  "24": "culinary_term_024",
  "25": "culinary_term_025",
  "26": "culinary_term_026",
  "27": "culinary_term_027",
  "28": "culinary_term_028",
  "29": "culinary_term_029",
  "30": "culinary_term_030",
  "31": "culinary_term_031",
  "32": "culinary_term_032",
  "33": "culinary_term_033",
  "34": "culinary_term_034",
  "35": "culinary_term_035",
  "36": "culinary_term_036",
  "37": "culinary_term_037",
  "38": "culinary_term_038",
  "39": "culinary_term_039",
  "40": "culinary_term_040",
  "41": "culinary_term_041",
  "42": "culinary_term_042",
  "43": "culinary_term_043",
  "44": "culinary_term_044",
  "45": "culinary_term_045",
  "46": "culinary_term_046",
  "47": "culinary_term_047",
  "48": "culinary_term_048",
  "49": "culinary_term_049",
  "50": "culinary_term_050",
  "51": "culinary_term_051",
  "52": "culinary_term_052",
  "53": "culinary_term_053",
  "54": "culinary_term_054",
  "55": "culinary_term_055",
  "56": "culinary_term_056",
  "57": "culinary_term_057",
  "58": "culinary_term_058",
  "59": "culinary_term_059",
  "60": "culinary_term_060",
  "61": "culinary_term_061",
  "62": "culinary_term_062",
  "63": "culinary_term_063",
  "64": "culinary_term_064",
  "65": "culinary_term_065",
  "66": "culinary_term_066",
  "67": "culinary_term_067",
  "68": "culinary_term_068",
  "69": "culinary_term_069",
  "70": "culinary_term_070",
  "71": "culinary_term_071",
  "72": "culinary_term_072",
  "73": "culinary_term_073",
  "74": "culinary_term_074",
  "75": "culinary_term_075",
  "76": "culinary_term_076",
  "77": "culinary_term_077",
  "78": "culinary_term_078",
  "79": "culinary_term_079",
  "80": "culinary_term_080",
  "81": "culinary_term_081",
  "82": "culinary_term_082",
  "83": "culinary_term_083",
  "84": "culinary_term_084",
  "85": "culinary_term_085",
  "86": "culinary_term_086",
  "87": "culinary_term_087",
  "88": "culinary_term_088",
  "89": "culinary_term_089",
  "90": "culinary_term_090",
  "91": "culinary_term_091",
  "92": "culinary_term_092",
  "93": "culinary_term_093",
  "94": "culinary_term_094",
  "95": "culinary_term_095",
  "96": "culinary_term_096",
  "97": "culinary_term_097",
  "98": "culinary_term_098",
  "99": "culinary_term_099",
  "100": "culinary_term_100",
  "101": "culinary_term_101",
  "102": "culinary_term_102",
  "103": "culinary_term_103",
  "104": "culinary_term_104",
  "105": "culinary_term_105",
  "106": "culinary_term_106",
  "107": "culinary_term_107",
  "108": "culinary_term_108",
  "109": "culinary_term_109",
  "110": "culinary_term_110",
  "111": "culinary_term_111",
  "112": "culinary_term_112",
  "113": "culinary_term_113",
  "114": "culinary_term_114",
  "115": "culinary_term_115",
  "116": "culinary_term_116",
  "117": "culinary_term_117",
  "118": "culinary_term_118",
  "119": "culinary_term_119",
  "120": "culinary_term_120",
  "121": "culinary_term_121",
  "122": "culinary_term_122",
  "123": "culinary_term_123",
  "124": "culinary_term_124",
  "125": "culinary_term_125",
  "126": "culinary_term_126",
  "127": "culinary_term_127",
  "128": "culinary_term_128",
  "129": "culinary_term_129",
  "130": "culinary_term_130",
  "131": "culinary_term_131",
  "132": "culinary_term_132",
  "133": "culinary_term_133",
  "134": "culinary_term_134",
  "135": "culinary_term_135",
  "136": "culinary_term_136",
  "137": "culinary_term_137",
  "138": "culinary_term_138",
  "139": "culinary_term_139",
  "140": "culinary_term_140",
  "141": "culinary_term_141",
  "142": "culinary_term_142",
  "143": "culinary_term_143",
  "144": "culinary_term_144",
  "145": "culinary_term_145",
  "146": "culinary_term_146",
  "147": "culinary_term_147",
  "148": "culinary_term_148",
  "149": "culinary_term_149",
  "150": "culinary_term_150",
  "151": "culinary_term_151",
  "152": "culinary_term_152",
  "153": "culinary_term_153",
  "154": "culinary_term_154",
  "155": "culinary_term_155",
  "156": "culinary_term_156",
  "157": "culinary_term_157",
  "158": "culinary_term_158",
  "159": "culinary_term_159",
  "160": "culinary_term_160",
  "161": "culinary_term_161",
  "162": "culinary_term_162",
  "163": "culinary_term_163",
  "164": "culinary_term_164",
  "165": "culinary_term_165",
  "166": "culinary_term_166",
  "167": "culinary_term_167",
  "168": "culinary_term_168",
  "169": "culinary_term_169",
  "170": "culinary_term_170",
  "171": "culinary_term_171",
  "172": "culinary_term_172",
  "173": "culinary_term_173",
  "174": "culinary_term_174",
  "175": "culinary_term_175",
  "176": "culinary_term_176",
  "177": "culinary_term_177",
  "178": "culinary_term_178",
  "179": "culinary_term_179",
  "180": "culinary_term_180",
  "181": "culinary_term_181",
  "182": "culinary_term_182",
  "183": "culinary_term_183",
  "184": "culinary_term_184",
  "185": "culinary_term_185",
  "186": "culinary_term_186",
  "187": "culinary_term_187",
  "188": "culinary_term_188",
  "189": "culinary_term_189",
  "190": "culinary_term_190",
  "191": "culinary_term_191",
  "192": "culinary_term_192",
  "193": "culinary_term_193",
  "194": "culinary_term_194",
  "195": "culinary_term_195",
  "196": "culinary_term_196",
  "197": "culinary_term_197",
  "198": "culinary_term_198",
  "199": "culinary_term_199",
  "200": "culinary_term_200",
  "201": "culinary_term_201",
  "202": "culinary_term_202",
  "203": "culinary_term_203",
  "204": "culinary_term_204",
  "205": "culinary_term_205",
  "206": "culinary_term_206",
  "207": "culinary_term_207",
  "208": "culinary_term_208",
  "209": "culinary_term_209",
  "210": "culinary_term_210",
  "211": "culinary_term_211",
  "212": "culinary_term_212",
  "213": "culinary_term_213",
  "214": "culinary_term_214",
  "215": "culinary_term_215",
  "216": "culinary_term_216",
  "217": "culinary_term_217",
  "218": "culinary_term_218",
  "219": "culinary_term_219",
  "220": "culinary_term_220",
  "221": "culinary_term_221",
  "222": "culinary_term_222",
  "223": "culinary_term_223",
  "224": "culinary_term_224",
  "225": "culinary_term_225",
  "226": "culinary_term_226",
  "227": "culinary_term_227",
  "228": "culinary_term_228",
  "229": "culinary_term_229",
  "230": "culinary_term_230",
  "231": "culinary_term_231",
  "232": "culinary_term_232",
  "233": "culinary_term_233",
  "234": "culinary_term_234",
  "235": "culinary_term_235",
  "236": "culinary_term_236",
  "237": "culinary_term_237",
  "238": "culinary_term_238",
  "239": "culinary_term_239",
  "240": "culinary_term_240",
  "241": "culinary_term_241",
  "242": "culinary_term_242",
  "243": "culinary_term_243",
  "244": "culinary_term_244",
  "245": "culinary_term_245",
  "246": "culinary_term_246",
  "247": "culinary_term_247",
  "248": "culinary_term_248",
  "249": "culinary_term_249",
  "250": "culinary_term_250",
  "251": "culinary_term_251",
  "252": "culinary_term_252",
  "253": "culinary_term_253",
  "254": "culinary_term_254",
  "255": "culinary_term_255"
}