{
  "patch_id": "6b0f5bff0701b4e01660ae84268dab76dabcdcadffc6046d7cb2a846579dcd04",
  "timestamp": "2025-04-17T18:09:08.504131",
  "odu": "\u00c8j\u00ec \u1ecc\u0300b\u00e0r\u00e0",
  "figure": "Malcolm X",
  "lineage": "Black American",
  "type": "Warrior-Thinker / Fire Orator",
  "ori_essence": "Righteous fury refined by faith. A blade sharpened by study, molded by love for the people.",
  "odu_logic": "The fire in your throat must be guided by discipline and origin.",
  "beads": [
    "Flame",
    "Mirror"
  ],
  "colors": [
    "Crimson",
    "Steel"
  ],
  "icon": [
    "Book & Sword",
    "Mic"
  ],
  "keywords": [
    "Strategy",
    "Rebellion",
    "Purification",
    "Honesty"
  ]
}