{
  "patch_id": "7b7e05b9887dbe39b7957f8b1291fe6546e0658f3cd48df38c269492bd6acfbe",
  "timestamp": "2025-04-17T18:09:08.503620",
  "odu": "\u00c8j\u00ec \u00d2s\u00e9",
  "figure": "Mawu-Lisa",
  "lineage": "Fon / Dahomey",
  "type": "Cosmic Deity / Twin Creator",
  "ori_essence": "Balance of sun and moon, fire and water. Order and wildness in sacred marriage.",
  "odu_logic": "Nothing exists without its opposite. Harmony is sacred labor.",
  "beads": [
    "Clarity",
    "Joy"
  ],
  "colors": [
    "Blue",
    "Yellow"
  ],
  "icon": [
    "Sun-moon glyph",
    "Mirror pool"
  ],
  "keywords": [
    "Balance",
    "Twins",
    "Divine symmetry"
  ]
}