{
  "patch_id": "0d3fcf0c3930f1812eea087dcecb134f344a485ea4c1ffaee7ed4108aa07bea4",
  "timestamp": "2025-04-17T18:09:08.502620",
  "odu": "\u00c8j\u00ec \u00d2g\u00fand\u00e1",
  "figure": "Queen Nanny of the Maroons",
  "lineage": "Akan / Jamaican Maroon",
  "type": "Revolutionary / Healer / Spirit-Warrior",
  "ori_essence": "Fierce protector of kin and freedom. Master of terrain, sound, and silence.",
  "odu_logic": "In the bush, we remember who we are. Freedom lives in the trees.",
  "beads": [
    "Protection",
    "Soil"
  ],
  "colors": [
    "Green",
    "Black"
  ],
  "icon": [
    "Machete",
    "Echo drum"
  ],
  "keywords": [
    "Guerrilla knowledge",
    "Kin",
    "Bush medicine",
    "Vigilance"
  ]
}