{
  "patch_id": "c1a38dd5ac951cad4ec5dd075c8cd25cbee1130ab781632c4f90f687a5789906",
  "timestamp": "2025-04-17T18:09:08.501528",
  "odu": "\u00c8j\u00ec \u1ecc\u0300k\u00e0nr\u00e1n",
  "figure": "Oya",
  "lineage": "Yoruba",
  "type": "Orisha / Ancestor of Change",
  "ori_essence": "Wind-mover, storm-bringer, guardian of cemeteries and transitions. Brings truth through upheaval.",
  "odu_logic": "When storms come, truths rise. Embrace transformation before it erupts.",
  "beads": [
    "Flame",
    "Mirror"
  ],
  "colors": [
    "Red",
    "Purple"
  ],
  "icon": [
    "Wind spiral",
    "Marketplace mask"
  ],
  "keywords": [
    "Change",
    "Death",
    "Rebirth",
    "Feminine force"
  ]
}