{
  "patch_id": "962ff8b9098aafbbf15a7c410602c5922d2c38a0f8aa797a8f4471e9418eacfc",
  "timestamp": "2025-04-17T18:09:08.504585",
  "odu": "\u00c8j\u00ec \u00d2k\u00e0nr\u00e0n",
  "figure": "Zumbi dos Palmares",
  "lineage": "Kongo-Brazilian",
  "type": "Resistance Commander / Sanctuary Builder",
  "ori_essence": "Guardian of fugitives, builder of free zones. Spirit of the palm forest and the pact.",
  "odu_logic": "Freedom is a location. Make the land remember us.",
  "beads": [
    "Soil",
    "Protection"
  ],
  "colors": [
    "Green",
    "Gold"
  ],
  "icon": [
    "Palm tree",
    "Horn"
  ],
  "keywords": [
    "Quilombo",
    "Exile",
    "Sacred geography"
  ]
}