{
  "patch_id": "4c915b6518b67f5cf327096dba55b67eeb7e17045fa5a1dd88d4b8f25b14c120",
  "timestamp": "2025-04-17T18:09:08.502010",
  "odu": "\u00c8j\u00ec Ej\u00ecogb\u00e8",
  "figure": "Obatala",
  "lineage": "Yoruba",
  "type": "Orisha / Elder / Sculptor of Or\u00ed",
  "ori_essence": "Cool-headed creator, voice of clarity and form. Symbol of order, patience, and wisdom.",
  "odu_logic": "All things begin with silence and light. The first shape is always inward.",
  "beads": [
    "Clarity",
    "Soil"
  ],
  "colors": [
    "White",
    "Silver"
  ],
  "icon": [
    "Mountain",
    "Chisel"
  ],
  "keywords": [
    "Wisdom",
    "Order",
    "Calm",
    "Elderhood"
  ]
}